0,CombatZoneResize,241,226,406,391,TLResume,,,
0,HeartTeleport,320,304,,,,,,
0,HeartMode,0,,,,,,,
0,TLPause,,,,,,,,
0,SansSweat,0,,,,,,,
0,sanstext,Ready for my             Special Attack?,,,,,,,
0,SET,I,0,,,,,,
0.3,RND,Direction,4,,,,,,
0,ADD,Jump,$Direction,1,,,,,
0,JMPREL,$Jump,,,,,,,
0,JMPREL,4,,,,,,,
0,JMPREL,5,,,,,,,
0,JMPREL,6,,,,,,,
0,JMPREL,7,,,,,,,
0,SansBody,HandRight,,,,,,,
0,JMPREL,7,,,,,,,
0,SansBody,HandDown,,,,,,,
0,JMPREL,5,,,,,,,
0,SansBody,HandLeft,,,,,,,
0,JMPREL,3,,,,,,,
0,SansBody,HandUp,,,,,,,
0,JMPREL,1,,,,,,,
0.26666,SansSlam,$Direction,,,,,,,
0.2,BoneStab,$Direction,50,0.4,0,,,,
0,ADD,I,$I,1,,,,,
0,JMPL,8,$I,4,,,,,
0.5,HeartMode,0,,,,,,,
0,SansAnimation,Idle,,
0.05,BoneH,130,-10,200,1,300,2
0.05,BoneH,130,-10,200,1,300,2
0.05,BoneH,330,650,200,3,300,2
0.05,BoneH,130,-10,200,1,300,2
0.05,BoneH,330,650,200,3,300,2
0.05,BoneH,130,-10,200,1,300,2
0.05,BoneH,330,650,200,3,300,2
0.05,BoneH,130,-10,200,1,300,2
0.05,BoneH,330,650,200,3,300,2
0.05,BoneH,130,-10,200,1,300,1
0.05,BoneH,330,650,200,3,300,1
0.05,BoneH,130,-10,200,1,300,2
0.05,BoneH,330,650,200,3,300,2
0.05,BoneH,130,-10,200,1,300,2
0.05,BoneH,330,650,200,3,300,2
0.05,BoneH,130,-10,200,1,300,2
0.05,BoneH,330,650,200,3,300,2
0.05,BoneH,130,-10,200,1,300,2
0.05,BoneH,330,650,200,3,300,2
0.05,BoneH,130,-10,200,1,300,2
0.05,BoneH,130,-10,200,1,300,1
0.05,BoneH,330,650,200,3,300,1
0.05,BoneH,130,-10,200,1,300,2
0.05,BoneH,330,650,200,3,300,2
0.05,BoneH,130,-10,200,1,300,2
0.05,BoneH,330,650,200,3,300,2
0.05,BoneH,130,-10,200,1,300,2
0.05,BoneH,330,650,200,3,300,2
0.05,BoneH,130,-10,200,1,300,2
0.05,BoneH,130,-10,200,1,300,2
0.05,BoneH,330,650,200,3,300,1
0.05,BoneH,130,-10,200,1,300,1
0.05,BoneH,330,650,200,3,300,2
0.05,BoneH,130,-10,200,1,300,2
0.05,BoneH,130,-10,200,1,300,2
0.05,BoneH,330,650,200,3,300,2
0.05,BoneH,130,-10,200,1,300,2
0.05,BoneH,330,650,200,3,300,2
0.05,BoneH,130,-10,200,1,300,2
0.05,BoneH,330,650,200,3,300,2
0.05,BoneH,130,-10,200,1,300,2
0.05,BoneH,330,650,200,3,300,1
0.05,BoneH,130,-10,200,1,300,1
2,BlackScreen,1,,,,,,,
0,Sound,Flash,,,,,,,
0.13333,BlackScreen,0,,,,,,,
0,Sound,Flash,,,,,,,
0,CombatZoneResizeInstant,121,276,526,391,,,,
0,HeartMode,0,,,,,,,
0,HeartTeleport,320,294,,,,,,
0,BoneStab,1,35,0.1,99,,,,
0,Platform,320,344,25,0,100,1,
1.9,SansBody,HandDown,,,,,,,
0,SansSlam,1,,,,,,,
1,SansAnimation,Idle,,
0,BlackScreen,1,,,,,,,
0,Sound,Flash,,,,,,,
0.13333,BlackScreen,0,,,,,,,
0,Sound,Flash,,,,,,,
0,CombatZoneResizeInstant,121,276,526,391,,,,
0,HeartMode,0,,,,,,,
0,HeartTeleport,320,370,,,,,,
0,BoneStab,3,35,0.1,99,,,,
0,Platform,320,324,25,0,100,1,
1.9,SansBody,HandUp,,,,,,,
0,SansSlam,3,,,,,,,
1,SansAnimation,Idle,,
0,BlackScreen,1,,,,,,,
0,Sound,Flash,,,,,,,
0.13333,BlackScreen,0,,,,,,,
0,Sound,Flash,,,,,,,
0,HeartMode,0,,,,,,,
0.2,SansBody,HandUp,,,,,,,
0,SansSlam,3,,,,,,,
0.3,BoneStab,3,35,0.1,0.3,,,,
0.344,sansslam,1,,,,,,,
0,SansBody,HandDown,,,,,,,
0.3,BoneStab,1,35,0.2,0.2,,,,
0,SansBody,HandRight,,,,,,,
0,SansSlam,0,,,,,,,
0.3,BoneStab,0,35,0.23,0.2,,,,
0.5,GasterBlaster,0,0,0,600,390,180,0.1,0.3
0,GasterBlaster,0,0,0,600,370,180,0.1,0.3
0,GasterBlaster,0,0,0,600,350,180,0.1,0.3
0,GasterBlaster,0,0,0,600,330,180,0.1,0.3
0,GasterBlaster,0,0,0,600,320,180,0.1,0.3
1.3,SansBody,HandDown,,,,,,,
0,SansSlam,1,,,,,,,
0.3,BoneStab,1,35,0.1,0.3,,,,
0.344,sansslam,3,,,,,,,
0,SansBody,HandUp,,,,,,,
0.3,BoneStab,3,35,0.2,0.2,,,,
0.344,SansBody,HandLeft,,,,,,,
0,SansSlam,2,,,,,,,
0.6,BoneStab,2,35,0.23,0.2,,,,
0.5,GasterBlaster,0,0,0,600,260,180,0.1,0.3
0,GasterBlaster,0,0,0,600,280,180,0.1,0.3
0,GasterBlaster,0,0,0,600,300,180,0.1,0.3
0,GasterBlaster,0,0,0,600,320,180,0.1,0.3
0,GasterBlaster,0,0,0,600,340,180,0.1,0.3
1,BlackScreen,1,,,,,,,
0,Sound,Flash,,,,,,,
0.13333,BlackScreen,0,,,,,,,
0,Sound,Flash,,,,,,,
0,CombatZoneResize,121,186,526,391,,,,
0,HeartTeleport,286,230,,,,,,
0,HeartMode,1,,,,,,,
0,BoneStab,1,64,0,9999,,,,
0,Platform,246,270,43,0,80,1,
1.33333,BoneV,128,276,70,0,260,0
0,BoneV,128,156,90,0,260,0
0,BoneV,128,240,3000,0,260,2
0.33333,BoneV,128,266,70,0,260,0
0,BoneV,128,146,90,0,260,0
1.33333,BoneV,128,276,70,0,260,0
0,BoneV,128,156,90,0,260,0
0,BoneV,128,240,3000,0,260,2
0.33333,BoneV,128,256,70,0,260,0
0,BoneV,128,136,90,0,260,0
1.03333,BoneV,428,260,70,2,260,0
0,BoneV,428,150,90,2,260,0
0.53333,BoneV,428,260,70,2,260,0
0,BoneV,428,150,90,2,260,0
0.53333,BoneV,428,260,70,2,260,0
0,BoneV,428,150,90,2,260,0
1.9,BlackScreen,1,,,,,,,
0,sound,Slam,,,,,,,
0.08,BlackScreen,0,,,,,,,
0,BoneStab,1,64,0,9999,,,,
0,Platform,246,270,43,0,0,1,
0,Platform,346,270,43,0,0,1,
0,Platform,120,270,43,0,0,1,
0.4,GasterBlaster,1,0,0,126,66,90,0,0.5
0.9,GasterBlaster,1,0,0,246,66,90,0,0.5
0,GasterBlaster,1,0,0,346,66,90,0,0.4
0.5,GasterBlaster,1,0,0,126,66,90,0,0.5
0.9,GasterBlaster,1,0,0,246,66,90,0,0.5
0,GasterBlaster,1,0,0,346,66,90,0,0.4
0.3,GasterBlaster,0,0,240,320,240,0,0.5,0.3
0,GasterBlaster,0,640,240,320,240,180,0.5,0.3
0,GasterBlaster,0,320,0,320,240,90,0.5,0.3
0,GasterBlaster,0,320,480,320,240,270,0.5,0.3
0,GasterBlaster,0,0,0,320,240,45,0.5,0.3
0,GasterBlaster,0,640,0,320,240,135,0.5,0.3
0,GasterBlaster,0,640,480,320,240,225,0.5,0.3
0,GasterBlaster,0,0,480,320,240,315,0.5,0.3
0,GasterBlaster,0,160,0,320,240,60,0.5,0.3
0,GasterBlaster,0,480,480,320,240,240,0.5,0.3
1,sound,Slam,,,,,,,
0,Platform,126,310,43,0,50,1,
0.5,GasterBlaster,1,640,240,560,240,180,0.1,0.3
1,GasterBlaster,1,640,240,560,310,180,0.1,0.3
1,GasterBlaster,1,640,240,560,240,180,0.1,0.3
1,BlackScreen,1,,,,,,,
0,Sound,Flash,,,,,,,
0.13333,BlackScreen,0,,,,,,,
0,Sound,Flash,,,,,,,
0,CombatZoneResize,241,226,406,391,,,,
0,HeartTeleport,320,304,,,,,,
0.3,SansBody,HandLeft,,,,,,,
0,HeartMode,0,,,,,,,
0.2,SansSlam,2,,,,,,,
0.3,SansBody,HandRight,,,,,,,
0.2,HeartMaxFallSpeed,450,,,,,,,
0,SansSlam,0,,,,,,,
0,CombatZoneResizeInstant,241,226,449,391,,,,
0,CombatZoneSpeed,900,,,,,,,
0,CombatZoneResize,241,226,650,391,,,,
0.33333,HeartMaxFallSpeed,-300,,,,,,,
0,SansAnimation,Idle,,,,,,,
0,SansRepeat,,,,,,,,
0,CombatZoneResize,-10,226,650,391,,,,
0.3,CombatZoneSpeed,30,,,,,,,
0,CombatZoneResize,-10,264,650,369,,,,
0.9,GetHeartPos,HeartX,HeartY,,,,,,
0,HeartTeleport,40,$HeartY,,,,,,
0,HeartMaxFallSpeed,0,,,,,,,
0,SansSlam,0,,,,,,,
0,DIV,Deg,180,$pi,,,,,
0,SET,I,0,,,,,,
0,DIV,Ang,$I,2,,,,,
0,MUL,Ang,$Ang,$Deg,,,,,
0,SIN,Sine,$Ang,,,,,,
0,MUL,Sine,$Sine,28,,,,,
0,FLOOR,Sine,$Sine,,,,,,
0,MUL,X,$I,60,,,,,
0,ADD,X,$X,634,,,,,
0,SET,Y,270,,,,,,
0,ADD,H,30,$Sine,,,,,
0,BoneV,$X,$Y,$H,2,900,,,
0,ADD,Y,$Y,$H,,,,,
0,ADD,Y,$Y,34,,,,,
0,SUB,H,364,$Y,,,,,
0,BoneV,$X,$Y,$H,2,900,,,
0,ADD,I,$I,1,,,,,
0,JMPL,209,$I,44,,,,,
0,BoneStab,3,22,3.8,3,,,,
0,BoneStab,1,22,3.8,3,,,,
0,ADD,X,$X,360,,,,,
0,BoneVRepeat,$X,270,50,2,900,3,15,
0,ADD,X,$X,330,,,,,
0,BoneVRepeat,$X,314,50,2,900,3,15,
0,ADD,X,$X,300,,,,,
0,BoneVRepeat,$X,270,50,2,900,3,15,
0,ADD,X,$X,300,,,,,
0,BoneVRepeat,$X,314,50,2,900,3,15,
0,ADD,X,$X,270,,,,,
0,BoneVRepeat,$X,270,50,2,900,3,15,
0,ADD,X,$X,270,,,,,
0,BoneVRepeat,$X,314,50,2,900,3,15,
0,ADD,X,$X,240,,,,,
0,BoneVRepeat,$X,270,50,2,900,3,15,
0,ADD,X,$X,330,,,,,
0,BoneVRepeat,$X,314,50,2,900,3,15,
0,ADD,X,$X,270,,,,,
0,BoneVRepeat,$X,270,50,2,900,3,15,
0,ADD,X,$X,390,,,,,
6.2,GasterBlaster,0.7,640,286,560,286,180,0.5
0,GasterBlaster,0.7,640,286,560,313,180,0.5
0.8,GasterBlaster,0.7,640,286,560,313,180,0.5
0,GasterBlaster,0.7,640,346,560,346,180,0.5
0.8,GasterBlaster,0.7,640,286,560,286,180,0.5
0,GasterBlaster,0.7,640,286,560,313,180,0.5
0.8,GasterBlaster,0.7,640,286,560,313,180,0.5
0,GasterBlaster,0.7,640,346,560,346,180,0.5
0.8,GasterBlaster,0.7,640,286,560,286,180,0.5
0,GasterBlaster,0.7,640,286,560,313,180,0.5
0.8,GasterBlaster,0.7,640,286,560,313,180,0.5
0,GasterBlaster,0.7,640,346,560,346,180,0.5
0.8,GasterBlaster,0.7,640,286,560,286,180,0.5
0,GasterBlaster,0.7,640,286,560,313,180,0.5
0.8,GasterBlaster,0.7,640,286,560,313,180,0.5
0,GasterBlaster,0.7,640,346,560,346,180,0.5
0.8,GasterBlaster,0.7,640,286,560,286,180,0.5
0,GasterBlaster,0.7,640,286,560,313,180,0.5
0.8,GasterBlaster,0.7,640,286,560,313,180,0.5
0,GasterBlaster,0.7,640,346,560,346,180,0.5
1,GasterBlaster,0.7,640,286,560,286,180,0.5
0.4,GasterBlaster,0.7,640,346,560,346,180,0.01
0.4,GasterBlaster,0.7,640,286,560,313,180,0.01
0.4,GasterBlaster,0.7,640,286,560,286,180,0.01
0.4,GasterBlaster,0.7,640,346,560,346,180,0.01
0.4,GasterBlaster,0.7,640,286,560,313,180,0.01
0.4,GasterBlaster,0.7,640,286,560,286,180,0.01
0.4,GasterBlaster,0.7,640,346,560,346,180,0.01
0.4,GasterBlaster,0.7,640,286,560,313,180,0.01
0.4,GasterBlaster,0.7,640,286,560,286,180,0.01
0.4,GasterBlaster,0.7,640,346,560,346,180,0.01
0.4,GasterBlaster,0.7,640,286,560,313,180,0.01
0.4,GasterBlaster,0.7,640,286,560,286,180,0.01
0.4,GasterBlaster,0.7,640,346,560,346,180,0.01
0.4,GasterBlaster,0.7,640,286,560,313,180,0.01
1.7,bonev,700,371,5,2,900,,,
0,bonev,750,366,10,2,900,,,
0,bonev,800,361,15,2,900,,,
0,bonev,850,356,20,2,900,,,
0,bonev,900,351,25,2,900,,,
0,bonev,950,346,30,2,900,,,
0,bonev,1000,341,35,2,900,,,
0,bonev,1050,336,40,2,900,,,
0,bonev,1100,331,45,2,900,,,
0,bonev,1150,326,50,2,900,,,
0,bonev,1200,321,55,2,900,,,
0,bonev,1250,316,60,2,900,,,
0,bonev,700,241,5,2,900,,,
0,bonev,750,241,10,2,900,,,
0,bonev,800,241,15,2,900,,,
0,bonev,850,241,20,2,900,,,
0,bonev,900,241,25,2,900,,,
0,bonev,950,241,30,2,900,,,
0,bonev,1000,241,35,2,900,,,
0,bonev,1050,241,40,2,900,,,
0,bonev,1100,241,45,2,900,,,
0,bonev,1150,241,50,2,900,,,
0,bonev,1200,241,55,2,900,,,
0,bonev,1250,241,60,2,900,,,
1,HeartMaxFallSpeed,330,,,,,,,
0,SansSlam,0,,,,,,,
0,CombatZoneSpeed,540,,,,,,,
0,CombatZoneResize,-10,264,410,369,,,,
0.9,SansEndRepeat,,,,,,,,
0,SansHead,Default,,,,,,,
0,SansTorso,Default,,,,,,,
0,SansBody,HandLeft,,,,,,,
0.2,BoneStab,0,50,0.4,1,,,,
0,GasterBlaster,0,0,0,285,222,90,0,1
0.9,BlackScreen,1,,,,,,,
0,Sound,Flash,,,,,,,
0.4,BlackScreen,0,,,,,,,
0,Sound,Flash,,,,,,,
0,CombatZoneResizeInstant,239,226,404,391,,,,
0.,BlackScreen,1,,,,,,,
0,Sound,Flash,,,,,,,
0.1,BlackScreen,0,,,,,,,
0,Sound,Flash,,,,,,,
0,SansSlam,2,,
0.5,SansBody,HandRight,,
0,SineBones,15,20,300,40
1.4,HeartMode,0,,,,
0,Sound,Ding,,,,,,,
0.7,SineBones,15,20,300,40
0,SineBones,15,-20,300,40
1.5,BlackScreen,1,,,,,,,
0,Sound,Flash,,,,,,,
0.1,BlackScreen,0,,,,,,,
0,HeartTeleport,320,376,,,,,,
0,HeartMode,1,,,,,,,
0,SansAnimation,HeadBob,,,,,,,
0.03333,BoneStab,1,60,0.8,1,,,,
0.9,BlackScreen,1,,,,,,,
0,Sound,Flash,,,,,,,
0.1,BlackScreen,0,,,,,,,
0,Sound,Flash,,,,,,,
0,HeartTeleport,262,240,,,,,,
0,SansSlam,3,,,,,,,
0.03333,BoneStab,2,60,0.8,1,,,,
0,BoneStab,3,60,0.8,1,,,,
0.9,BlackScreen,1,,,,,,,
0,Sound,Flash,,,,,,,
0.1,BlackScreen,0,,,,,,,
0,Sound,Flash,,,,,,,
0,HeartTeleport,391,376,,,,,,
0,SansSlam,0,,,,,,,
0.03333,BoneStab,0,60,0.8,1,,,,
0,BoneStab,1,60,0.8,1,,,,
0.9,BlackScreen,1,,,,,,,
0,Sound,Flash,,,,,,,
0.1,BlackScreen,0,,,,,,,
0,Sound,Flash,,,,,,,
0,HeartTeleport,262,240,,,,,,
0,SansSlam,2,,,,,,,
0,SansX,320,,,,,,,
0.03333,BoneStab,2,48,0.6,0.6,,,,
0.6,BoneStab,2,35,0,6.1,,,,
0,BoneStab,1,35,0,6.1,,,,
0,BoneStab,0,35,0,6.1,,,,
0,BoneStab,3,35,0,6.1,,,,
0.6,HeartMode,0,,,,,,,
0,SET,gt,0,,,,,,,
0,SET,gin,2.63,,,,,,,
0,MUL,Ang,$gt,-6,,,,,,
0,ADD,Ang,$Ang,90,,,,,,
0,COS,X,$Ang,,,,,,,
0,SIN,Y,$Ang,,,,,,,
0,MUL,EndX,$X,150,,,,,,
0,MUL,EndY,$Y,150,,,,,,
0,MUL,X,$EndX,3,,,,,,
0,MUL,Y,$EndY,3,,,,,,
0,ADD,X,$X,320,,,,,,
0,ADD,Y,$Y,306,,,,,,
0,ADD,EndX,$EndX,320,,,,,,
0,ADD,EndY,$EndY,306,,,,,,
0,ADD,Ang,$Ang,180,,,,,,
0,GasterBlaster,0,$X,$Y,$EndX,$EndY,$Ang,0.5,0,
0,GasterBlaster,0,$X,$Y,$EndX,$EndY,$Ang,0.433,0,
0,ADD,gt,$gt,$gin,,,,,,
0,JMPNL,387,$gin,4,,,,,,
0,ADD,gin,$gin,0.015,,,,,,
0.06666,JMPL,369,$gt,195,,,,,,
0.2,SET,gt,0,,,,,,,
0,SET,gin,1,,,,,,,
0,MUL,Ang,$gt,-6,,,,,,
0,COS,X,$Ang,,,,,,,
0,SIN,Y,$Ang,,,,,,,
0,MUL,EndX,$X,150,,,,,,
0,MUL,EndY,$Y,150,,,,,,
0,MUL,X,$EndX,3,,,,,,
0,MUL,Y,$EndY,3,,,,,,
0,ADD,X,$X,320,,,,,,
0,ADD,Y,$Y,306,,,,,,
0,ADD,EndX,$EndX,320,,,,,,
0,ADD,EndY,$EndY,306,,,,,,
0,ADD,Ang2,$Ang,90,,,,,,
0,COS,N,$Ang2,,,,,,,
0,SIN,O,$Ang2,,,,,,,
0,MUL,EndN,$N,150,,,,,,
0,MUL,EndO,$O,150,,,,,,
0,MUL,N,$EndN,3,,,,,,
0,MUL,O,$EndO,3,,,,,,
0,ADD,N,$N,320,,,,,,
0,ADD,O,$O,306,,,,,,
0,ADD,EndN,$EndN,320,,,,,,
0,ADD,EndO,$EndO,306,,,,,,
0,ADD,Ang2,$Ang2,180,,,,,,
0,ADD,Ang,$Ang,180,,,,,,
0,GasterBlaster,0,$X,$Y,$EndX,$EndY,$Ang,0.5,0,
0,GasterBlaster,0,$N,$O,$EndN,$EndO,$Ang2,0.5,0,
0,ADD,gt,$gt,$gin,,,,,,
0,JMPNL,419,$gin,2.63,,,,,,
0,ADD,gin,$gin,0.015,,,,,,
0.06666,JMPL,390,$gt,195,,,,,,
0.1,SansSweat,1,,,,,,,,
0,SET,gt,0,,,,,,,
0,SET,gin,2.63,,,,,,,
0,MUL,Ang,$gt,-6,,,,,,
0,ADD,Ang,$Ang,90,,,,,,
0,COS,X,$Ang,,,,,,,
0,SIN,Y,$Ang,,,,,,,
0,MUL,EndX,$X,150,,,,,,
0,MUL,EndY,$Y,150,,,,,,
0,MUL,X,$EndX,3,,,,,,
0,MUL,Y,$EndY,3,,,,,,
0,ADD,X,$X,320,,,,,,
0,ADD,Y,$Y,306,,,,,,
0,ADD,EndX,$EndX,320,,,,,,
0,ADD,EndY,$EndY,306,,,,,,
0,ADD,Ang,$Ang,-180,,,,,,
0,GasterBlaster,0,$X,$Y,$EndX,$EndY,$Ang,0.5,0,
0,ADD,gt,$gt,$gin,,,,,,
0,JMPNL,440,$gin,4,,,,,,
0,ADD,gin,$gin,0.015,,,,,,
0.06666,JMPL,423,$gt,195,,,,,,
0,SET,i,0
0,SET,max,16
0.2,BoneV,128,240,3000,0,280,2
0,BoneV,128,240,3000,2,280,2
0,BoneH,128,240,3000,1,280,2
0,BoneH,128,240,3000,3,280,2
0,ADD,y,$y,76
0,ADD,i,$i,1
0,JMPL,442,$i,$max
0.4,SansSweat,2,,,,,,,,
0,SET,i,0
0,SET,max,20
0.2,BoneV,128,240,3000,0,280,1
0,BoneV,128,240,3000,2,280,1
0,BoneH,128,240,3000,1,280,1
0,BoneH,128,240,3000,3,280,1
0,ADD,y,$y,76
0,ADD,i,$i,1
0,JMPL,452,$i,$max
0,SET,i,0
0,SET,max,12
0.2,BoneV,128,240,3000,0,280,1
0,BoneV,128,240,3000,2,280,1
0,ADD,y,$y,76
0,ADD,i,$i,1
0,JMPL,461,$i,$max
0.7,BoneV,190,336,-3000,0,280,1
0.1,BoneV,190,336,-30,0,20,1
0.1,BoneV,190,336,-320,0,80,1
0.1,BoneV,190,336,-20,0,50,1
0.1,BoneV,190,336,-234,0,180,1
0.1,BoneV,190,336,-234,0,90,1
0.1,BoneV,190,336,-34,0,55,1
0.1,BoneV,190,336,-324,0,76,1
0.1,BoneV,190,336,-34,0,25,1
0.1,BoneV,190,336,-324,0,86,1
0.1,BoneV,190,336,-30,0,40,1
0.1,BoneV,190,336,-320,0,80,1
0.1,BoneV,190,336,-30,0,20,1
0.1,BoneV,190,336,-320,0,80,1
0.1,BoneV,190,336,-20,0,50,1
0.1,BoneV,190,336,-234,0,180,1
0.1,BoneV,190,336,-20,0,56,1
0.1,BoneV,190,336,-234,0,90,1
0.1,BoneV,190,336,-34,0,55,1
0.1,BoneV,190,336,-324,0,76,1
4,SansHead,Tired2,,,,,,,
0,sanstext,haff...,,,,,,,
0,SansHead,Closedeyes,,,,,,,
0,sanstext,I still have my            special attack.,,,,,,,
0,SansHead,Wink,,,,,,,
0.9,BlackScreen,1,,,,,,,
0,Sound,Flash,,,,,,,
0.1,BlackScreen,0,,,,,,,
0,Sound,Flash,,,,,,,
0,CombatZoneResizeinstant,-10,-10,650,490,,,,
0,CombatZoneSpeed,900,,,,,,,
0,HeartTeleport,320,304,,,,,,
0.5,SET,Loop,20,,,,,,
0,SUB,Loop,$Loop,1,,,,,
0,RND,Ang,360,,,,,,
0,COS,X,$Ang,,,,,,
0,SIN,Y,$Ang,,,,,,
0,MUL,EndX,$X,200,,,,,
0,MUL,EndY,$Y,200,,,,,
0,MUL,X,$X,400,,,,,
0,MUL,Y,$Y,300,,,,,
0,GetHeartPos,HeartX,HeartY,,,,,,
0,ADD,X,$X,$HeartX,,,,,
0,ADD,Y,$Y,$HeartY,,,,,
0,ANGLE,Ang,$X,$Y,$HeartX,$HeartY,,,
0,GasterBlaster,0,$X,$Y,305,228,$Ang,1,0.8
0.5,JMPNZ,500,$Loop,,,,,,
0.5,SET,Loop,30,,,,,,
0,SUB,Loop,$Loop,1,,,,,
0,RND,Ang,360,,,,,,
0,COS,X,$Ang,,,,,,
0,SIN,Y,$Ang,,,,,,
0,MUL,EndX,$X,200,,,,,
0,MUL,EndY,$Y,200,,,,,
0,MUL,X,$X,400,,,,,
0,MUL,Y,$Y,300,,,,,
0,GetHeartPos,HeartX,HeartY,,,,,,
0,ADD,X,$X,$HeartX,,,,,
0,ADD,Y,$Y,$HeartY,,,,,
0,ANGLE,Ang,$X,$Y,$HeartX,$HeartY,,,
0,GasterBlaster,0,$X,$Y,305,228,$Ang,0.6,0.6
0,GetHeartPos,x,y,,,
0,SUB,xx,$x,15,,
0,ADD,yy,$y,7.5,,
0,Boneh,250.25,$xx,50,0,450
0,Boneh,362.75,$xx,50,2,450
0,Bonev,$yy,237.25,50,1,450
0,Bonev,$yy,349.75,50,3,450
0.3,JMPNZ,515,$Loop,,,,,,
0.2,SET,gt,0,,,,,,,
0,SET,gin,1,,,,,,,
0,MUL,Ang,$gt,-6,,,,,,
0,COS,X,$Ang,,,,,,,
0,SIN,Y,$Ang,,,,,,,
0,MUL,EndX,$X,150,,,,,,
0,MUL,EndY,$Y,150,,,,,,
0,MUL,X,$EndX,3,,,,,,
0,MUL,Y,$EndY,3,,,,,,
0,ADD,X,$X,320,,,,,,
0,ADD,Y,$Y,306,,,,,,
0,ADD,EndX,$EndX,320,,,,,,
0,ADD,EndY,$EndY,306,,,,,,
0,ADD,Ang2,$Ang,90,,,,,,
0,COS,N,$Ang2,,,,,,,
0,SIN,O,$Ang2,,,,,,,
0,MUL,EndN,$N,150,,,,,,
0,MUL,EndO,$O,150,,,,,,
0,MUL,N,$EndN,3,,,,,,
0,MUL,O,$EndO,3,,,,,,
0,ADD,N,$N,320,,,,,,
0,ADD,O,$O,306,,,,,,
0,ADD,EndN,$EndN,320,,,,,,
0,ADD,EndO,$EndO,306,,,,,,
0,ADD,Ang2,$Ang2,180,,,,,,
0,ADD,Ang,$Ang,180,,,,,,
0,GasterBlaster,0,$X,$Y,$EndX,$EndY,$Ang,0.5,0.5,
0,GasterBlaster,0,$N,$O,$EndN,$EndO,$Ang2,0.5,0.5,
0,ADD,gt,$gt,$gin,,,,,,
0,JMPNL,567,$gin,2.63,,,,,,
0,ADD,gin,$gin,0.015,,,,,,
0.2,JMPL,538,$gt,100,,,,,,
0.5,SET,Loop,7,,,,,,
0,SUB,Loop,$Loop,1,,,,,
0,RND,Ang,360,,,,,,
0,COS,X,$Ang,,,,,,
0,SIN,Y,$Ang,,,,,,
0,MUL,EndX,$X,200,,,,,
0,MUL,EndY,$Y,200,,,,,
0,MUL,X,$X,400,,,,,
0,MUL,Y,$Y,300,,,,,
0,GetHeartPos,HeartX,HeartY,,,,,,
0,ADD,EndX,$EndX,$HeartX,,,,,
0,ADD,EndY,$EndY,$HeartY,,,,,
0,ADD,X,$X,$HeartX,,,,,
0,ADD,Y,$Y,$HeartY,,,,,
0,GetHeartPos,HeartXX,HeartYY,,,,,,
0,SUB,HeartYY,$HeartYY,100,,,,,
0,GetHeartPos,HeartXXX,HeartYYY,,,,,,
0,ADD,HeartYYY,$HeartYYY,100,,,,,
0,GetHeartPos,HeartXXXX,HeartYYYY,,,,,,
0,SUB,HeartXXXX,$HeartXXXX,100,,,,,
0,GetHeartPos,HeartXXXXX,HeartYYYYY,,,,,,
0,ADD,HeartXXXXX,$HeartXXXXX,100,,,,,
0,JMPNL,592,$EndX,50,,,,,
0,SET,EndX,50,,,,,,
0,JMPNG,594,$EndX,590,,,,,
0,SET,EndX,590,,,,,,
0,JMPNL,596,$EndY,40,,,,,
0,SET,EndY,40,,,,,,
0,JMPNG,598,$EndY,440,,,,,
0,SET,EndY,440,,,,,,
0,ANGLE,Ang,$EndX,$EndY,$HeartX,$HeartY,,,
0,GasterBlaster,0,$X,$Y,$EndX,$EndY,$Ang,0.66666,0.03333
0,GasterBlaster,0,320,0,$HeartXX,$HeartYY,90,0.66666,0.03333
0,GasterBlaster,0,320,480,$HeartXXX,$HeartYYY,-90,0.66666,0.03333
0,GasterBlaster,0,0,240,$HeartXXXX,$HeartYYYY,0,0.66666,0.03333
0,GasterBlaster,0,640,240,$HeartXXXXX,$HeartYYYYY,180,0.66666,0.03333
0.68888,RND,Ang,360,,,,,,
0,COS,X,$Ang,,,,,,
0,SIN,Y,$Ang,,,,,,
0,MUL,EndX,$X,200,,,,,
0,MUL,EndY,$Y,200,,,,,
0,MUL,X,$X,400,,,,,
0,MUL,Y,$Y,300,,,,,
0,GetHeartPos,HeartX,HeartY,,,,,,
0,ADD,EndX,$EndX,$HeartX,,,,,
0,ADD,EndY,$EndY,$HeartY,,,,,
0,ADD,X,$X,$HeartX,,,,,
0,ADD,Y,$Y,$HeartY,,,,,
0,GetHeartPos,HeartXX,HeartYY,,,,,,
0,SUB,HeartXX,$HeartXX,100,,,,,
0,SUB,HeartYY,$HeartYY,100,,,,,
0,GetHeartPos,HeartXXX,HeartYYY,,,,,,
0,ADD,HeartXXX,$HeartXXX,100,,,,,
0,SUB,HeartYYY,$HeartYYY,100,,,,,
0,GetHeartPos,HeartXXXX,HeartYYYY,,,,,,
0,SUB,HeartXXXX,$HeartXXXX,100,,,,,
0,ADD,HeartYYYY,$HeartYYYY,100,,,,,
0,GetHeartPos,HeartXXXXX,HeartYYYYY,,,,,,
0,ADD,HeartXXXXX,$HeartXXXXX,100,,,,,
0,ADD,HeartYYYYY,$HeartYYYYY,100,,,,,
0,JMPNL,630,$EndX,10,,,,,
0,SET,EndX,50,,,,,,
0,JMPNG,632,$EndX,590,,,,,
0,SET,EndX,590,,,,,,
0,JMPNL,634,$EndY,40,,,,,
0,SET,EndY,40,,,,,,
0,JMPNG,636,$EndY,440,,,,,
0,SET,EndY,440,,,,,,
0,ANGLE,Ang,$EndX,$EndY,$HeartX,$HeartY,,,
0,GasterBlaster,0,$X,$Y,$EndX,$EndY,$Ang,0.66666,0.03333
0,GasterBlaster,0,0,0,$HeartXX,$HeartYY,45,0.66666,0.03333
0,GasterBlaster,0,640,0,$HeartXXX,$HeartYYY,135,0.66666,0.03333
0,GasterBlaster,0,0,480,$HeartXXXX,$HeartYYYY,-45,0.66666,0.03333
0,GasterBlaster,0,640,480,$HeartXXXXX,$HeartYYYYY,-135,0.66666,0.03333
1,JMPNZ,569,$Loop,,,,,,
0.5,SET,Loop,20,,,,,,
0,SUB,Loop,$Loop,1,,,,,
0,RND,Ang,360,,,,,,
0,COS,X,$Ang,,,,,,
0,SIN,Y,$Ang,,,,,,
0,MUL,EndX,$X,200,,,,,
0,MUL,EndY,$Y,200,,,,,
0,MUL,X,$X,400,,,,,
0,MUL,Y,$Y,300,,,,,
0,GetHeartPos,HeartX,HeartY,,,,,,
0,ADD,X,$X,$HeartX,,,,,
0,ADD,Y,$Y,$HeartY,,,,,
0,ANGLE,Ang,$X,$Y,$HeartX,$HeartY,,,
0,GasterBlaster,0,$X,$Y,305,228,$Ang,7,0
0.001,JMPNZ,644,$Loop,,,,,,
0.5,GasterBlaster,1,0,0,596,365,180,7,0
0.01,GasterBlaster,2,640,480,449,366,180,7,0
0.01,GasterBlaster,2,640,480,379,446,270,7,0
0.01,GasterBlaster,2,0,240,139,306,0,7,0
0.01,GasterBlaster,2,640,240,499,306,180,7,0
0.01,GasterBlaster,2,640,480,379,446,270,7,0
0.9,SineBones,15,-20,300,70
0,Sound,GasterBlaster,8,,,,,,
2,SineBones,15,20,300,70
0,Sound,GasterBlaster,8,,,,,,
3,SineBones,70,-20,300,70
0,Sound,GasterBlaster,8,,,,,,
0.05,BoneH,303,0,200,1,300,2
0.9,BoneH,3,0,200,1,300,2
0.95,BoneH,503,0,200,1,300,2
1,BoneH,33,0,200,1,300,2
4,SineBones,70,30,300,70
0,Sound,GasterBlaster,8,,,,,,
0,SineBones,70,-30,300,70
0,Sound,GasterBlaster,8,,,,,,
8,SineBones,70,17,300,70
0,Sound,GasterBlaster,8,,,,,,
5,Sound,GasterBlaster,8,,,,,,
0.5,SET,Loop,20,,,,,,
0,SUB,Loop,$Loop,1,,,,,
0,RND,Ang,360,,,,,,
0,COS,X,$Ang,,,,,,
0,SIN,Y,$Ang,,,,,,
0,MUL,EndX,$X,200,,,,,
0,MUL,EndY,$Y,200,,,,,
0,MUL,X,$X,400,,,,,
0,MUL,Y,$Y,300,,,,,
0,GetHeartPos,HeartX,HeartY,,,,,,
0,ADD,X,$X,$HeartX,,,,,
0,ADD,Y,$Y,$HeartY,,,,,
0,ANGLE,Ang,$X,$Y,$HeartX,$HeartY,,,
0,GasterBlaster,0,$X,$Y,305,228,$Ang,3,2
0.001,JMPNZ,682,$Loop,,,,,,
4,Sound,GasterBlaster,8,,,,,,
0.5,SET,Loop,10,,,,,,
0,SUB,Loop,$Loop,1,,,,,
0,RND,Ang,360,,,,,,
0,COS,X,$Ang,,,,,,
0,SIN,Y,$Ang,,,,,,
0,MUL,EndX,$X,200,,,,,
0,MUL,EndY,$Y,200,,,,,
0,MUL,X,$X,400,,,,,
0,MUL,Y,$Y,300,,,,,
0,GetHeartPos,HeartX,HeartY,,,,,,
0,ADD,X,$X,$HeartX,,,,,
0,ADD,Y,$Y,$HeartY,,,,,
0,ANGLE,Ang,$X,$Y,$HeartX,$HeartY,,,
0,GasterBlaster,0,$X,$Y,305,228,$Ang,3,2
0.001,JMPNZ,698,$Loop,,,,,,
3,Sound,GasterBlaster,8,,,,,,
0.5,SET,Loop,5,,,,,,
0,SUB,Loop,$Loop,1,,,,,
0,RND,Ang,360,,,,,,
0,COS,X,$Ang,,,,,,
0,SIN,Y,$Ang,,,,,,
0,MUL,EndX,$X,200,,,,,
0,MUL,EndY,$Y,200,,,,,
0,MUL,X,$X,400,,,,,
0,MUL,Y,$Y,300,,,,,
0,GetHeartPos,HeartX,HeartY,,,,,,
0,ADD,X,$X,$HeartX,,,,,
0,ADD,Y,$Y,$HeartY,,,,,
0,ANGLE,Ang,$X,$Y,$HeartX,$HeartY,,,
0,GasterBlaster,0,$X,$Y,305,228,$Ang,3,2
0.001,JMPNZ,714,$Loop,,,,,,
4,Sound,GasterBlaster,1,,,,,,
0.5,SET,LLLL,27,,,,,,
0,SUB,LLLL,$LLLL,1,,,,,
0,RND,Ang,360,,,,,,
0,COS,X,$Ang,,,,,,
0,SIN,Y,$Ang,,,,,,
0,MUL,EndX,$X,200,,,,,
0,MUL,EndY,$Y,200,,,,,
0,MUL,X,$X,400,,,,,
0,MUL,Y,$Y,300,,,,,
0,GetHeartPos,HeartX,HeartY,,,,,,
0,ADD,EndX,$EndX,$HeartX,,,,,
0,ADD,EndY,$EndY,$HeartY,,,,,
0,ADD,X,$X,$HeartX,,,,,
0,ADD,Y,$Y,$HeartY,,,,,
0,JMPNL,745,$EndX,50,,,,,
0,SET,EndX,50,,,,,,
0,JMPNG,747,$EndX,590,,,,,
0,SET,EndX,590,,,,,,
0,JMPNL,749,$EndY,40,,,,,
0,SET,EndY,40,,,,,,
0,JMPNG,751,$EndY,440,,,,,
0,SET,EndY,440,,,,,,
0,ANGLE,Ang,$EndX,$EndY,$HeartX,$HeartY,,,
0,GasterBlaster,0,$X,$Y,$EndX,$EndY,$Ang,0.46666,0.03333
0.233333,RND,Ang,360,,,,,,
0,COS,X,$Ang,,,,,,
0,SIN,Y,$Ang,,,,,,
0,MUL,EndX,$X,200,,,,,
0,MUL,EndY,$Y,200,,,,,
0,MUL,X,$X,400,,,,,
0,MUL,Y,$Y,300,,,,,
0,GetHeartPos,HeartX,HeartY,,,,,,
0,ADD,EndX,$EndX,$HeartX,,,,,
0,ADD,EndY,$EndY,$HeartY,,,,,
0,ADD,X,$X,$HeartX,,,,,
0,ADD,Y,$Y,$HeartY,,,,,
0,JMPNL,767,$EndX,50,,,,,
0,SET,EndX,50,,,,,,
0,JMPNG,769,$EndX,590,,,,,
0,SET,EndX,590,,,,,,
0,JMPNL,771,$EndY,40,,,,,
0,SET,EndY,40,,,,,,
0,JMPNG,773,$EndY,440,,,,,
0,SET,EndY,440,,,,,,
0,ANGLE,Ang,$EndX,$EndY,$HeartX,$HeartY,,,
0,GasterBlaster,0,$X,$Y,$EndX,$EndY,$Ang,0.86666,0.03333
0.233333,RND,Ang,360,,,,,,
0,COS,X,$Ang,,,,,,
0,SIN,Y,$Ang,,,,,,
0,MUL,EndX,$X,200,,,,,
0,MUL,EndY,$Y,200,,,,,
0,MUL,X,$X,400,,,,,
0,MUL,Y,$Y,300,,,,,
0,GetHeartPos,HeartX,HeartY,,,,,,
0,ADD,EndX,$EndX,$HeartX,,,,,
0,ADD,EndY,$EndY,$HeartY,,,,,
0,ADD,X,$X,$HeartX,,,,,
0,ADD,Y,$Y,$HeartY,,,,,
0,JMPNL,789,$EndX,50,,,,,
0,SET,EndX,50,,,,,,
0,JMPNG,791,$EndX,590,,,,,
0,SET,EndX,590,,,,,,
0,JMPNL,793,$EndY,40,,,,,
0,SET,EndY,40,,,,,,
0,JMPNG,795,$EndY,440,,,,,
0,SET,EndY,440,,,,,,
0,ANGLE,Ang,$EndX,$EndY,$HeartX,$HeartY,,,
0,GasterBlaster,0,$X,$Y,$EndX,$EndY,$Ang,0.56666,0.03
0.233333,RND,Ang,360,,,,,,
0,COS,X,$Ang,,,,,,
0,SIN,Y,$Ang,,,,,,
0,MUL,EndX,$X,200,,,,,
0,MUL,EndY,$Y,200,,,,,
0,MUL,X,$X,400,,,,,
0,MUL,Y,$Y,300,,,,,
0,GetHeartPos,HeartX,HeartY,,,,,,
0,ADD,EndX,$EndX,$HeartX,,,,,
0,ADD,EndY,$EndY,$HeartY,,,,,
0,ADD,X,$X,$HeartX,,,,,
0,ADD,Y,$Y,$HeartY,,,,,
0,JMPNL,811,$EndX,50,,,,,
0,SET,EndX,50,,,,,,
0,JMPNG,813,$EndX,590,,,,,
0,SET,EndX,590,,,,,,
0,JMPNL,815,$EndY,40,,,,,
0,SET,EndY,40,,,,,,
0,JMPNG,817,$EndY,440,,,,,
0,SET,EndY,440,,,,,,
0,ANGLE,Ang,$EndX,$EndY,$HeartX,$HeartY,,,
0,GasterBlaster,0,$X,$Y,$EndX,$EndY,$Ang,0.46666,0.02
0.233333,JMPNZ,730,$LLLL,,,,,,
1,Sound,GasterBlaster,0.01,,,,,,
0.5,SET,LLLL,25,,,,,,
0,SUB,LLLL,$LLLL,1,,,,,
0,RND,Ang,360,,,,,,
0,COS,X,$Ang,,,,,,
0,SIN,Y,$Ang,,,,,,
0,MUL,EndX,$X,200,,,,,
0,MUL,EndY,$Y,200,,,,,
0,MUL,X,$X,400,,,,,
0,MUL,Y,$Y,300,,,,,
0,GetHeartPos,HeartX,HeartY,,,,,,
0,ADD,EndX,$EndX,$HeartX,,,,,
0,ADD,EndY,$EndY,$HeartY,,,,,
0,ADD,X,$X,$HeartX,,,,,
0,ADD,Y,$Y,$HeartY,,,,,
0,JMPNL,837,$EndX,50,,,,,
0,SET,EndX,50,,,,,,
0,JMPNG,839,$EndX,590,,,,,
0,SET,EndX,590,,,,,,
0,JMPNL,841,$EndY,40,,,,,
0,SET,EndY,40,,,,,,
0,JMPNG,843,$EndY,440,,,,,
0,SET,EndY,440,,,,,,
0,ANGLE,Ang,$EndX,$EndY,$HeartX,$HeartY,,,
0,GasterBlaster,0,$X,$Y,$EndX,$EndY,$Ang,1.5,1
0.01,JMPNZ,822,$LLLL,,,,,,
3,BoneHRepeat,130,-10,200,1,300,7,183
0,BoneHRepeat,330,650,200,3,300,7,183
0.1,BoneHRepeat,130,-10,200,1,300,7,183
0,BoneHRepeat,330,650,200,3,300,7,183
0.1,BoneHRepeat,130,-10,200,1,300,7,183
0,BoneHRepeat,330,650,200,3,300,7,183
0.1,BoneHRepeat,130,-10,200,1,300,7,183
0,BoneHRepeat,330,650,200,3,300,7,183
0.1,BoneHRepeat,130,-10,200,1,300,7,183
0,BoneHRepeat,330,650,200,3,300,7,183
0.1,BoneHRepeat,130,-10,200,1,300,7,183
0,BoneHRepeat,330,650,200,3,300,7,183
0.1,BoneHRepeat,130,-10,200,1,300,7,183
0,BoneHRepeat,330,650,200,3,300,7,183
0.1,BoneHRepeat,130,-10,200,1,300,7,183
0,BoneHRepeat,330,650,200,3,300,7,183
0.1,BoneHRepeat,130,-10,200,1,300,7,183
0,BoneHRepeat,330,650,200,3,300,7,183
0.1,BoneHRepeat,130,-10,200,1,300,7,183
0,BoneHRepeat,330,650,200,3,300,7,183
0.1,BoneHRepeat,130,-10,200,1,300,7,183
0,BoneHRepeat,330,650,200,3,300,7,183
0.1,BoneHRepeat,130,-10,200,1,300,7,183
0,BoneHRepeat,330,650,200,3,300,2,183
0.1,BoneHRepeat,130,-10,200,1,300,7,183
0,BoneHRepeat,330,650,200,3,300,7,183
5,SET,gt,0,,,,,,
0,SET,gin,1,,,,,,
0,Set,timer,4,
0,MUL,Ang,$gt,-10,,,,,
0,COS,X,$Ang,,,,,,
0,SIN,Y,$Ang,,,,,,
0,MUL,EndX,$X,150,,,,,
0,MUL,EndY,$Y,150,,,,,
0,MUL,X,$EndX,3,,,,,
0,MUL,Y,$EndY,3,,,,,
0,ADD,X,$X,320,,,,,
0,ADD,Y,$Y,306,,,,,
0,ADD,EndX,$EndX,320,,,,,
0,ADD,EndY,$EndY,306,,,,,
0,ADD,Ang,$Ang,180,,,,,
0,GasterBlaster,0,$X,$Y,$EndX,$EndY,$Ang,$timer,0.3
0,Sub,timer,$timer,0.06666
0,ADD,gt,$gt,$gin,,,,,
0.06666,JMPL,875,$gt,36,,,,,
2,BoneVRepeat,508,356,40,2,120,58,15
0.4,BoneV,508,316,70,2,150,,
0.3,BoneV,508,257,45,2,150,,
0.3,BoneV,508,257,55,2,150,,
0.7,BoneV,508,257,35,2,150,,
0.5,BoneV,133,257,95,0,90,,
0.7,BoneV,508,276,110,2,240,,
0.4,BoneVRepeat,133,356,40,0,120,41,15
0.2,BoneV,133,257,45,0,210,,
0,BoneV,119,257,45,0,210,,
0,BoneV,105,257,45,0,210,,
0.3,BoneV,133,257,95,0,270,,
0,SET,i,0
0,SET,max,1
2,BoneVRepeat,508,356,80,2,120,58,15
0.4,BoneV,508,316,300,2,150,,
0.3,BoneV,580,257,200,2,150,,
0.3,BoneV,582,257,100,2,150,,
0.7,BoneV,508,257,305,2,150,,
0.5,BoneV,133,257,105,0,90,,
0.7,BoneV,508,276,100,2,240,,
0.4,BoneVRepeat,133,65,120,0,120,41,15
0.2,BoneV,133,257,45,0,210,,
0.2,BoneHRepeat,241,126,80,1,150,15,100,
0,BoneHRepeat,325,466,80,3,150,2,100,
0,BoneVRepeat,521,226,80,2,150,2,100,
0,BoneVRepeat,111,311,80,0,150,2,100,
0,BoneV,119,257,45,0,210,,
0,BoneV,105,257,45,0,210,,
0.3,BoneV,133,257,95,0,270,,
0.5,bonevrepeat,400,241,40,2,270,2,140
0,bonevrepeat,250,281,30,0,270,1,140
0,ADD,y,$y,76
0,ADD,i,$i,1
0,JMPL,904,$i,$max
0,SET,i,0
0,SET,max,100
0.1,GetHeartPos,HeartX,HeartY,,,,
0,ADD,x,$HeartX,-40,,,
0,SUB,z,$HeartX,-40,,,
0,ADD,v,$HeartY,-40,,,
0,SUB,c,$HeartY,-40,,,
0.5,BoneV,$v,$x,20,0,10,,
0,BoneV,$c,$z,20,2,10,,
0,BoneH,$v,$x,20,1,10,,
0,BoneH,$c,$z,20,3,10,,
0,ADD,y,$y,76
0,ADD,i,$i,1
0,JMPL,927,$i,$max
8,SansHead,NoEyes,,,,,,,
0,SET,i,0
0,SET,max,200
0,sansx,999,,,,,
0.08,GetHeartPos,HeartX,HeartY,,,,
0,ADD,a,$HeartX,82.5,,,
0,SUB,b,$HeartX,82.5,,,
0,ADD,c,$HeartY,82.5,,,
0,SUB,d,$HeartY,82.5,,,
0,CombatZoneResize,$b,$d,$a,$c,,
0,CombatZoneSpeed,150,,,,,
0.1,GetHeartPos,HeartX,HeartY,,,,
0,ADD,e,$HeartX,-40,,,
0,SUB,f,$HeartX,-40,,,
0,ADD,g,$HeartY,-40,,,
0,SUB,h,$HeartY,-40,,,
0.2,BoneV,$g,$e,20,0,10,,
0,BoneV,$h,$f,20,2,10,,
0,BoneH,$g,$e,20,1,10,,
0,BoneH,$h,$f,20,3,10,,
0,BoneV,$g,$e,40,0,15,2,
0,BoneV,$h,$f,40,2,14,1,
0,BoneH,$g,$e,40,1,15,2,
0,BoneH,$h,$f,40,3,14,1,
0,ADD,y,$y,76
0,ADD,i,$i,1
0,JMPL,942,$i,$max
8,BlackScreen,1,,,,,,,
0,Sound,Flash,,,,,,,
0.1,BlackScreen,0,,,,,,,
0,Sound,Flash,,,,,,,
0.01,CombatZoneResize,311,296,336,321,,,,
0,CombatZoneSpeed,500,,,,,,,
0,sansx,320,,,,,
1,SansAnimation,Tired,,,,,,,
0,SansHead,Closedeyes,,,,,,,
0.2,sanstext,haff...,,,,,,,
0,SansHead,BlueEye,,,,,,,
0,sanstext,...,,,,,,,
0,SET,gt,0,,,,,,,
0,SET,gin,2.63,,,,,,,
0,MUL,Ang,$gt,-6,,,,,,
0,ADD,Ang,$Ang,90,,,,,,
0,COS,X,$Ang,,,,,,,
0,SIN,Y,$Ang,,,,,,,
0,MUL,EndX,$X,150,,,,,,
0,MUL,EndY,$Y,150,,,,,,
0,MUL,X,$EndX,3,,,,,,
0,MUL,Y,$EndY,3,,,,,,
0,ADD,X,$X,320,,,,,,
0,ADD,Y,$Y,306,,,,,,
0,ADD,EndX,$EndX,320,,,,,,
0,ADD,EndY,$EndY,306,,,,,,
0,ADD,Ang,$Ang,180,,,,,,
0,GasterBlaster,0,$X,$Y,$EndX,$EndY,$Ang,0.5,-1,
0,GasterBlaster,0,$X,$Y,$EndX,$EndY,$Ang,0.433,-1,
0,ADD,gt,$gt,$gin,,,,,,
0,JMPNL,999,$gin,4,,,,,,
0,ADD,gin,$gin,0.015,,,,,,
0.01,JMPL,981,$gt,120,,,,,,
0.01,GasterBlaster,0,0,0,310,215,90,0,-1
0.01,GasterBlaster,0,0,0,340,215,90,0,-1
0.01,GasterBlaster,0,0,0,300,215,90,0,-1
0.01,GasterBlaster,0,0,0,350,215,90,0,-1
0.01,GasterBlaster,0,0,0,290,215,90,0,-1
0.01,GasterBlaster,0,0,0,360,215,90,0,-1
0.01,GasterBlaster,0,0,0,280,215,90,0,-1
0.01,GasterBlaster,0,0,0,370,215,90,0,-1
0.01,GasterBlaster,0,0,0,270,215,90,0,-1
0.01,GasterBlaster,0,0,0,380,215,90,0,-1
0.01,GasterBlaster,0,0,0,260,215,90,0,-1
0.01,GasterBlaster,0,0,0,390,215,90,0,-1
0.01,GasterBlaster,0,0,0,250,215,90,0,-1
0.01,GasterBlaster,0,0,0,400,215,90,0,-1
0.01,GasterBlaster,0,0,0,240,215,90,0,-1
0.01,GasterBlaster,0,0,0,410,215,90,0,-1
0.01,GasterBlaster,0,0,0,230,215,90,0,-1
0.01,GasterBlaster,0,0,0,420,215,90,0,-1
0.01,GasterBlaster,0,0,0,220,215,90,0,-1
0.01,GasterBlaster,0,0,0,430,215,90,0,-1
0.01,GasterBlaster,0,0,0,210,215,90,0,-1
0.01,GasterBlaster,0,0,0,440,215,90,0,-1
0.01,GasterBlaster,0,0,0,200,215,90,0,-1
0.01,GasterBlaster,0,0,0,450,215,90,0,-1
0.01,GasterBlaster,0,0,0,190,215,90,0,-1
0.01,GasterBlaster,0,0,0,460,215,90,0,-1
0.01,GasterBlaster,0,0,0,180,215,90,0,-1
0.01,GasterBlaster,0,0,0,470,215,90,0,-1
0.01,GasterBlaster,0,0,0,170,215,90,0,-1
0.01,GasterBlaster,0,0,0,480,215,90,0,-1
0.01,GasterBlaster,0,0,0,160,215,90,0,-1
0.01,GasterBlaster,0,0,0,490,215,90,0,-1
0.01,GasterBlaster,1,0,0,70,365,0,0.3,-1
0.01,GasterBlaster,1,0,0,596,365,180,0.3,-1
0.01,GasterBlaster,2,640,480,449,366,180,0.333,-1
0.01,GasterBlaster,2,640,480,379,446,270,0.333,-1
0.01,GasterBlaster,2,0,240,139,306,0,0.666,-1
0.01,GasterBlaster,2,640,240,499,306,180,0.666,-1
0.01,GasterBlaster,2,640,480,379,446,270,0.333,-1
0.01,GasterBlaster,2,0,0,189,176,45,0.333,-1
0.01,GasterBlaster,2,640,0,449,176,135,0.333,-1
0.01,GasterBlaster,2,0,240,139,306,0,0.666,-1
0.01,GasterBlaster,1,,400,430,160,300,1.7,-1
0.01,GasterBlaster,1,,0,200,210,20,1.7,-1
0.01,GasterBlaster,1,,0,40,290,20,1.7,-1
0.01,GasterBlaster,1,,0,440,200,120,1.7,-1
0.01,GasterBlaster,2,0,240,139,306,0,0.666,-1
0.01,GasterBlaster,2,0,240,139,306,0,0.666,-1
0.01,GasterBlaster,2,0,240,139,306,0,0.666,-1
0.01,GasterBlaster,2,0,0,189,176,45,0.333,-1
0.01,GasterBlaster,2,640,0,449,176,135,0.333,-1
0.01,GasterBlaster,2,0,0,189,176,45,0.333,-1
0.01,GasterBlaster,2,640,0,449,176,135,0.333,-1
0.01,GasterBlaster,2,640,480,449,436,225,0.333,-1
0,SansHead,NoEyes,,,,,,,
0.1,GasterBlaster,2,0,480,189,436,315,0.333,-1
0.01,GasterBlaster,2,0,0,189,246,0,0.333,-1
0.01,GasterBlaster,2,0,0,259,166,90,0.333,-1
0.01,GasterBlaster,2,640,480,449,366,180,0.333,-1
0.01,GasterBlaster,2,640,480,379,446,270,0.333,-1
0.01,GasterBlaster,2,0,240,139,306,0,0.666,-1
0.01,GasterBlaster,2,640,240,499,306,180,0.666,-1
0.01,GasterBlaster,2,640,480,379,446,270,0.333,-1
0.01,GasterBlaster,2,0,0,189,176,45,0.333,-1
0.01,GasterBlaster,2,640,0,449,176,135,0.333,-1
0.01,GasterBlaster,2,0,0,189,176,45,0.333,-1
0.01,GasterBlaster,2,640,0,449,176,135,0.333,-1
0.01,GasterBlaster,2,640,480,449,436,225,0.333,-1
0.01,GasterBlaster,2,0,480,189,436,315,0.333,-1
0.01,GasterBlaster,2,0,0,189,246,0,0.333,-1
0.01,GasterBlaster,2,0,0,259,166,90,0.333,-1
0.01,GasterBlaster,2,640,480,449,366,180,0.333,-1
0.01,GasterBlaster,2,640,480,379,446,270,0.333,-1
0.01,GasterBlaster,2,0,240,139,306,0,0.666,-1
0.01,GasterBlaster,2,640,240,499,306,180,0.666,-1
0.01,GasterBlaster,2,640,480,379,446,270,0.333,-1
0.01,GasterBlaster,2,0,0,189,176,45,0.333,-1
0.01,GasterBlaster,2,640,0,449,176,135,0.333,-1
0.01,GasterBlaster,2,640,480,449,436,225,0.333,-1
0.01,GasterBlaster,2,0,480,189,436,315,0.333,-1
0.01,GasterBlaster,2,0,0,189,246,0,0.333,-1
0.01,GasterBlaster,2,0,0,259,166,90,0.333,-1
0.01,GasterBlaster,2,640,480,449,366,180,0.333,-1
0.01,GasterBlaster,2,640,480,379,446,270,0.333,-1
0.01,GasterBlaster,2,0,240,139,306,0,0.666,-1
0.01,GasterBlaster,2,640,240,499,306,180,0.666,-1
0.01,GasterBlaster,2,640,480,379,446,270,0.333,-1
0.01,GasterBlaster,2,0,0,189,176,45,0.333,-1
0.01,GasterBlaster,2,640,0,449,176,135,0.333,-1
0.01,GasterBlaster,2,0,240,139,306,0,0.666,-1
0.01,GasterBlaster,2,640,240,499,306,180,0.666,-1
0.01,GasterBlaster,2,0,240,139,306,0,0.666,-1
0.01,GasterBlaster,2,640,240,499,306,180,0.666,-1
0.01,GasterBlaster,2,0,240,139,306,0,0.666,-1
0.01,GasterBlaster,2,0,0,189,176,45,0.333,-1
0.01,GasterBlaster,2,640,0,449,176,135,0.333,-1
0.01,GasterBlaster,2,640,480,449,436,225,0.333,-1
0.01,GasterBlaster,2,0,480,189,436,315,0.333,-1
0.01,GasterBlaster,2,0,0,189,246,0,0.333,-1
0.01,GasterBlaster,2,0,0,259,166,90,0.333,-1
0.01,GasterBlaster,2,640,480,449,366,180,0.333,-1
0.01,GasterBlaster,2,640,480,379,446,270,0.333,-1
0.01,GasterBlaster,2,0,240,139,306,0,0.666,-1
0.01,GasterBlaster,2,640,240,499,306,180,0.666,-1
0.01,GasterBlaster,2,640,480,379,446,270,0.333,-1
0.01,GasterBlaster,2,0,0,189,176,45,0.333,-1
0.01,GasterBlaster,2,640,0,449,176,135,0.333,-1
0.01,GasterBlaster,2,640,480,379,446,270,0.333,-1
0.01,GasterBlaster,2,0,0,189,176,45,0.333,-1
0.01,GasterBlaster,2,0,0,189,176,45,0.333,-1
0.01,GasterBlaster,2,640,0,449,176,135,0.333,-1
0.01,GasterBlaster,2,640,480,449,436,225,0.333,-1
0.01,GasterBlaster,2,0,480,189,436,315,0.333,-1
0.01,GasterBlaster,2,0,0,189,246,0,0.333,-1
0.01,GasterBlaster,2,0,0,259,166,90,0.333,-1
0.01,GasterBlaster,2,640,480,449,366,180,0.333,-1
0.01,GasterBlaster,2,640,480,379,446,270,0.333,-1
0.01,GasterBlaster,2,0,240,139,306,0,0.666,-1
0.01,GasterBlaster,2,640,240,499,306,180,0.666,-1
0.01,GasterBlaster,2,640,480,379,446,270,0.333,-1
0.01,GasterBlaster,2,0,0,189,176,45,0.333,-1
0.01,GasterBlaster,2,640,0,449,176,135,0.333,-1
0.01,GasterBlaster,2,640,0,449,176,135,0.333,-1
0.01,GasterBlaster,2,640,240,499,306,180,0.666,-1
0.01,GasterBlaster,2,0,240,139,306,0,0.666,-1
0.01,GasterBlaster,2,640,240,499,306,180,0.666,-1
0.01,GasterBlaster,2,0,240,139,306,0,0.666,-1
0.01,GasterBlaster,2,640,240,499,306,180,0.666,-1
2.5,DamagePlayer,-999,1,,,,,,
0,sound,heartsplit,1,,,,,,
0.4,sanstext,what?,,,,,,,
0.2,BlackScreen,1,,
0.1,Sound,PlayerFight,,,
0.09,BlackScreen,0,,
0,sansx,370,,,,,
0.05,BlackScreen,1,,
0.3,Sound,PlayerFight,,,
0.09,BlackScreen,0,,
0,sansx,250,,,,,
0.05,BlackScreen,1,,
0.3,Sound,PlayerFight,,,
0.09,BlackScreen,0,,
0,sansx,350,,,,,
0.05,BlackScreen,1,,
0,Sound,PlayerFight,,,
0,Sound,PlayerFight,,,
0.09,BlackScreen,0,,
0,sansx,270,,,,,
0.05,BlackScreen,1,,
0.1,Sound,PlayerFight,,,
0.09,BlackScreen,0,,
0,sansx,320,,,,,
0.05,BlackScreen,1,,
0.1,Sound,PlayerFight,,,
0.09,BlackScreen,0,,
0,sansx,370,,,,,
0.05,BlackScreen,1,,
0.5,Sound,PlayerFight,,,
0,Sound,PlayerFight,,,
0,Sound,PlayerFight,,,
0,Sound,PlayerFight,,,
0,Sound,PlayerFight,,,
0,Sound,PlayerFight,,,
0,Sound,PlayerFight,,,
0.09,BlackScreen,0,,
0,sansx,304,,,,,
3.4,EndAttack,,,,,,,,,