0,CombatZoneResize,239,226,404,391,TLResume,,,
0,HeartTeleport,320,304,,,,,,
0,HeartMode,0,,,,,,,
0,TLPause,,,,,,,,
0,SET,Loop,5,,,,,,
0,:RndAttack,,,,,,,,
0,BlackScreen,1,,,,,,,
0,Sound,Flash,,,,,,,
0.13333,BlackScreen,0,,,,,,,
0,Sound,Flash,,,,,,,
0,JMPZ,End,$Loop,,,,,,
0,SUB,Loop,$Loop,1,,,,,
0,RND,Jump,9,,,,,,
0,ADD,Jump,$Jump,1,,,,,
0,JMPREL,$Jump,,,,,,,
0,JMPABS,Attack0,,,,,,,
0,JMPABS,Attack1,,,,,,,
0,JMPABS,Attack2,,,,,,,
0,JMPABS,Attack3,,,,,,,
0,JMPABS,Attack4,,,,,,,
0,JMPABS,Attack5,,,,,,,
0,JMPABS,Attack6,,,,,,,
0,JMPABS,Attack7,,,,,,,
0,JMPABS,Attack8,,,,,,,
0,:Attack0,,,,,,,,
0,CombatZoneResizeInstant,121,276,526,391,,,
0,HeartMode,1,,,,,,
0,HeartTeleport,320,296,,,,,
0.3,sansslam,1,,,,,,,
0,SansBody,HandDown,,,,,,,
0.3,BoneStab,1,14,0.1,0.1,,,,
0.4,SansAnimation,Idle,,
0.6,BoneStab,1,35,0.1,0.4,,,,
0,BoneV,128,286,100,0,540,2,
0,BoneV,128,286,100,0,480,2,
0,BoneV,128,286,100,0,500,2,
0,BoneV,503,286,100,2,540,2,
0,BoneV,503,286,100,2,480,2,
0,BoneV,503,286,100,2,500,2,
0,Platform,310,344,25,0,0,,
0,BoneV,503,286,100,2,240,1,
0,BoneV,128,286,100,0,240,1,
0.9,JMPABS,RndAttack,,,,,,,
0,:Attack1,,,,,,,,
0,CombatZoneResizeInstant,121,276,526,391,,,,
0,HeartMode,0,,,,,,,
0,HeartTeleport,320,294,,,,,,
0,BoneStab,1,35,0.1,99,,,,
0,Platform,320,344,25,0,100,1,
1.9,SansBody,HandDown,,,,,,,
0,SansSlam,1,,,,,,,
1,SansAnimation,Idle,,
1.1,JMPABS,RndAttack,,,,,,,
0,:Attack2,,,,,,,,
0,CombatZoneResizeInstant,239,226,404,391,,,,
0,HeartMode,0,,,,,,,
0,HeartTeleport,320,304,,,,,,
0,SansBody,HandDown,,,,,,,
0,SansSlam,1,,,,,,,
0.5,SansBody,HandUp,,,,,,,
0,BoneStab,1,44,0.16666,2.5,,,,
0.1,BoneStab,3,75,0.1,2.6,,,,
0,Sound,Ding,,,,,,,
0,HeartMode,0,,,,,,,
0.2,BoneV,128,240,300,0,280,1
0.2,BoneV,503,240,300,2,280,2
0.222,BoneV,128,240,300,0,280,1
0.2,BoneV,503,240,300,2,280,2
0,SansAnimation,Idle,,
0.6,JMPABS,RndAttack,,,,,,,
0,:Attack3,,,,,,,,
0,CombatZoneResizeInstant,239,226,404,391,,,,
0,HeartMode,1,,,,,,,
0,HeartTeleport,320,376,,,,,,
0.4,BoneVRepeat,200,57,295,0,220,3,125
0,BoneVRepeat,200,366,20,0,220,3,125
0,BoneVRepeat,440,57,295,2,220,3,125
0,BoneVRepeat,440,366,20,2,220,3,125
2.2,BoneStab,1,35,0.1,0.4,,,,
1.7,JMPABS,RndAttack,,,,,,,
0,:Attack4,,,,,,,,
0,CombatZoneResizeInstant,241,226,406,391,,,,
0,HeartMode,0,,,,,,
0,HeartTeleport,320,304,,,,,,
0.05,BoneH,130,-10,200,1,300,2
0.05,BoneH,130,-10,200,1,300,2
0.05,BoneH,330,650,200,3,300,2
0.05,BoneH,130,-10,200,1,300,2
0.05,BoneH,330,650,200,3,300,2
0.05,BoneH,130,-10,200,1,300,2
0.05,BoneH,330,650,200,3,300,2
0.05,BoneH,130,-10,200,1,300,2
0.05,BoneH,330,650,200,3,300,2
0.05,BoneH,130,-10,200,1,300,1
0.05,BoneH,330,650,200,3,300,1
0.05,BoneH,130,-10,200,1,300,2
0.05,BoneH,330,650,200,3,300,2
0.05,BoneH,130,-10,200,1,300,2
0.05,BoneH,330,650,200,3,300,2
0.05,BoneH,130,-10,200,1,300,2
0.05,BoneH,330,650,200,3,300,2
0.05,BoneH,130,-10,200,1,300,2
0.05,BoneH,330,650,200,3,300,2
0.05,BoneH,130,-10,200,1,300,2
0.05,BoneH,130,-10,200,1,300,1
0.05,BoneH,330,650,200,3,300,1
0.05,BoneH,130,-10,200,1,300,2
0.05,BoneH,330,650,200,3,300,2
0.05,BoneH,130,-10,200,1,300,2
0.05,BoneH,330,650,200,3,300,2
0.05,BoneH,130,-10,200,1,300,2
0.05,BoneH,330,650,200,3,300,2
0.05,BoneH,130,-10,200,1,300,2
0.05,BoneH,130,-10,200,1,300,2
0.05,BoneH,330,650,200,3,300,1
0.05,BoneH,130,-10,200,1,300,1
0.05,BoneH,330,650,200,3,300,2
0.05,BoneH,130,-10,200,1,300,2
0.05,BoneH,130,-10,200,1,300,2
0.05,BoneH,330,650,200,3,300,2
0.05,BoneH,130,-10,200,1,300,2
0.05,BoneH,330,650,200,3,300,2
0.05,BoneH,130,-10,200,1,300,2
0.05,BoneH,330,650,200,3,300,2
0.05,BoneH,130,-10,200,1,300,2
0.05,BoneH,330,650,200,3,300,1
0.05,BoneH,130,-10,200,1,300,1
1.5,JMPABS,RndAttack,,,,,,,
0,:Attack5,,,,,,,,
0,CombatZoneResizeInstant,133,251,508,391,,,,
0,HeartMode,1,,,,,,,
0,HeartTeleport,320,376,,,,,,
0.5,BoneVRepeat,128,366,20,0,120,12,76
0,BoneVRepeat,513,257,107,2,120,12,76
0.1,BoneVRepeat,128,366,20,0,120,12,76
0,BoneVRepeat,513,257,107,2,120,12,76
0.1,BoneVRepeat,128,366,20,0,120,12,76
0,BoneVRepeat,513,257,107,2,120,12,76
3.2,JMPABS,RndAttack,,,,,,,
0,:Attack6,,,,,,,,
0,CombatZoneResizeInstant,241,226,406,391,,,,
0,HeartMode,0,,,,,,,
0,HeartTeleport,320,304,,,,,,
0,RND,Rot,2,,,,,,
0,JMPZ,Attack6Other,$Rot,,,,,,
0,GasterBlaster,1,191,306,191,306,0,0.6,0.26666
0,GasterBlaster,1,321,166,321,166,90,0.6,0.26666
0,GasterBlaster,1,449,306,449,306,180,0.6,0.26666
0,GasterBlaster,1,321,446,321,446,270,0.6,0.26666
0,BlackScreen,1,,,,,,,
0,Sound,Flash,,,,,,,
0.13333,BlackScreen,0,,,,,,,
0.8,GasterBlaster,1,191,176,191,176,45,0.66666,0.26666
0,GasterBlaster,1,451,176,451,176,135,0.66666,0.26666
0,GasterBlaster,1,451,436,451,436,225,0.66666,0.26666
0,GasterBlaster,1,191,436,191,436,315,0.66666,0.26666
0,BlackScreen,1,,,,,,,
0,Sound,Flash,,,,,,,
0.13333,BlackScreen,0,,,,,,,
0.7,GasterBlaster,1,191,306,191,306,0,0.6,0.26666
0,GasterBlaster,1,321,166,321,166,90,0.6,0.26666
0,GasterBlaster,1,449,306,449,306,180,0.6,0.26666
0,GasterBlaster,1,321,446,321,446,270,0.6,0.26666
1.2,JMPABS,RndAttack,,,,,,,
0,:Attack6Other,,,,,,,,
0,GasterBlaster,1,191,176,191,176,45,0.66666,0.26666
0,GasterBlaster,1,451,176,451,176,135,0.66666,0.26666
0,GasterBlaster,1,451,436,451,436,225,0.66666,0.26666
0,GasterBlaster,1,191,436,191,436,315,0.66666,0.26666
0,BlackScreen,1,,,,,,,
0,Sound,Flash,,,,,,,
0.13333,BlackScreen,0,,,,,,,
0.8,GasterBlaster,1,191,306,191,306,0,0.6,0.26666
0,GasterBlaster,1,321,166,321,166,90,0.6,0.26666
0,GasterBlaster,1,449,306,449,306,180,0.6,0.26666
0,GasterBlaster,1,321,446,321,446,270,0.6,0.26666
0,BlackScreen,1,,,,,,,
0,Sound,Flash,,,,,,,
0.13333,BlackScreen,0,,,,,,,
0.7,GasterBlaster,1,191,176,191,176,45,0.66666,0.26666
0,GasterBlaster,1,451,176,451,176,135,0.66666,0.26666
0,GasterBlaster,1,451,436,451,436,225,0.66666,0.26666
0,GasterBlaster,1,191,436,191,436,315,0.66666,0.26666
1.2,JMPABS,RndAttack,,,,,,,
0,:Attack7,,,,,,,,
0,CombatZoneResizeInstant,179,226,404,391,,,,
0,HeartMode,0,,,,,,,
0,RND,Side,2,,,,,,
0,JMPZ,Attack7Other,$Side,,,,,,
0,HeartTeleport,300,304,,,,,,
0,SineBones,16,-18,300,55,,,,
0,SineBones,16,18,300,55,,,,
1.7,JMPABS,RndAttack,,,,,,,
0,:Attack7Other,,,,,,,,
0,HeartTeleport,300,304,,,,,,
0,SineBones,16,18,300,55,,,,
0,SineBones,16,-18,300,55,,,,
1.7,JMPABS,RndAttack,,,,,,,
0,:Attack8,,,,,,,,
0,CombatZoneResizeInstant,239,226,404,391,,,,
0,HeartMode,0,,,,,,
0,HeartTeleport,320,304,,,,,,
0,SET,gt,0,,,,,,
0,SET,gin,1,,,,,,
0,MUL,Ang,$gt,-10,,,,,
0,COS,X,$Ang,,,,,,
0,SIN,Y,$Ang,,,,,,
0,MUL,EndX,$X,150,,,,,
0,MUL,EndY,$Y,150,,,,,
0,MUL,X,$EndX,3,,,,,
0,MUL,Y,$EndY,3,,,,,
0,ADD,X,$X,320,,,,,
0,ADD,Y,$Y,306,,,,,
0,ADD,EndX,$EndX,320,,,,,
0,ADD,EndY,$EndY,306,,,,,
0,ADD,Ang,$Ang,180,,,,,
0,GasterBlaster,0,$X,$Y,$EndX,$EndY,$Ang,0.5,0
0,GasterBlaster,0,$X,$Y,$EndX,$EndY,$Ang,0.442,0
0,GasterBlaster,0,$X,$Y,$EndX,$EndY,$Ang,0.331,0
0,ADD,gt,$gt,$gin,,,,,
0,JMPNL,223,$gin,1.7,,,,,
0,ADD,gin,$gin,0.015,,,,,
0.06666,JMPL,205,$gt,20,,,,,
1.9,JMPABS,RndAttack,,,,,,,
0,:End,,,,,,,,
0,CombatZoneResizeInstant,33,251,608,391,,,,
0,EndAttack,,,,,,,,